,Coef,SE,P
DiD1,-0.03947863184982667,0.012219977885497887,0.0012350341093023058
DiD2,-0.0032009840154245744,0.007763442806478318,0.6801085466942918
POST1,-0.07412409088187057,0.010960125015818854,1.3509807573801578e-11
POST2,-0.07137102532858056,0.006737386505839575,3.2017066180781356e-26
